<?xml version="1.0" encoding="UTF-8"?><?xml-stylesheet type='text/xsl' href='_UpgradeReport_Files/UpgradeReport.xslt'?><UpgradeLog>
<Properties><Property Name="Solution" Value="Project Zeus">
</Property><Property Name="Solution File" Value="C:\Users\fjawed\Documents\My Work\PROJECTS\Project Zeus - Appeals Forecasting\SSRS\Project Zeus.sln">
</Property><Property Name="Date" Value="Wednesday, May 15, 2013">
</Property><Property Name="Time" Value="15:24 PM">
</Property></Properties><Event ErrorLevel="0" Project="" Source="Project Zeus.sln" Description="Solution converted successfully">
</Event><Event ErrorLevel="3" Project="" Source="Project Zeus.sln" Description="Converted">
</Event></UpgradeLog>